{"cpu_time": 0.0, "wallclock_time": 0.020959854125976562, "evaluations": 0, "cost": 2147483648.0, "incumbent": ["depth='20'"], "origin": "Sobol"}
{"cpu_time": 0.14366817474365234, "wallclock_time": 0.16677284240722656, "evaluations": 1, "cost": 0.4, "incumbent": ["depth='20'"], "origin": "Sobol"}
