{"cpu_time": 0.0, "wallclock_time": 0.017368078231811523, "evaluations": 0, "cost": 2147483648.0, "incumbent": {"depth": 20}, "budget": 0, "origin": "Sobol"}
{"cpu_time": 0.13931012153625488, "wallclock_time": 0.158491849899292, "evaluations": 1, "cost": 0.6, "incumbent": {"depth": 20}, "budget": 0, "origin": "Sobol"}
{"cpu_time": 0.364612340927124, "wallclock_time": 0.3878359794616699, "evaluations": 3, "cost": 0.4, "incumbent": {"depth": 25}, "budget": 0, "origin": "Random Search"}
